{
  "latA": 41.17889200,
  "lonA": 0.00000000,
  "cageL": 8.00000000,
  "cageW": 4.00000000,
  "alt": 10.00000000
}
