cx,cy,half_real,half_inflated
2.66667,1.33333,0.3,0.85
5.33333,2.66667,0.3,0.85
